"id","source_id","published_at","rating","sentiment","categories","content"
45,1,"2025-06-24 09:03:00","4",0,"[""FEAT"", ""OTH""]","–ü–æ—á–µ–º—É –Ω–µ–ª—å–∑—è —Å—Ç–∞–≤–∏—Ç—å üëç –ø–æ–¥ —É—Ä–æ–∫–∞–º–∏ –≤ –ø—Ä–∏–ª–æ–∂–µ–Ω–∏–∏? –î–æ–±–∞–≤—å—Ç–µ –±–æ–ª—å—à–µ –≤–∞—Ä–∏–∞–Ω—Ç–æ–≤ —Ä–µ–≥—É–ª–∏—Ä–æ–≤–∫–∏ —Å–∫–æ—Ä–æ—Å—Ç–∏ –≤–æ—Å–ø—Ä–æ–∏–∑–≤–µ–¥–µ–Ω–∏—è. –≤ –æ—Å—Ç–∞–ª—å–Ω–æ–º –≤—Å—ë —Ö–æ—Ä–æ—à–æ üëç"
53,1,"2025-06-19 14:28:04","5",2,"[""UX"", ""FEAT""]","–í–µ–ª–∏–∫–æ–ª–µ–ø–Ω–æ–µ –ø—Ä–∏–ª–æ–∂–µ–Ω–∏–µ, —Ç–æ–ª—å–∫–æ –∑–∞ —Ñ—É–Ω–∫—Ü–∏—é –∑–∞–≥—Ä—É–∑–∫–∏ –∫—É—Ä—Å–∞ –≤ –ø–∞–º—è—Ç—å —É—Å—Ç—Ä–æ–π—Å—Ç–≤–∞ –æ–Ω–æ –∑–∞—Å–ª—É–∂–∏–≤–∞–µ—Ç 5 –±–∞–ª–ª–æ–≤. –û—Ç–ª–∏—á–Ω–∞—è –ø–ª–∞—Ç—Ñ–æ—Ä–º–∞, –∫–æ—Ç–æ—Ä–∞—è —Å–æ–±—Ä–∞–ª–∞ –≤–æ–∫—Ä—É–≥ —Å–µ–±—è –¥—É–º–∞—é—â–∏—Ö (–Ω—É –∏–ª–∏ —Ö–æ—Ç—è –±—ã –ø—ã—Ç–∞—é—â–∏—Ö—Å—è) –ª—é–¥–µ–π"
1616,2,"2025-06-18 00:00:00","5",0,"[""FEAT""]","–û—á–µ–Ω—å —Ö–æ—á–µ—Ç—Å—è —á—Ç–æ–±—ã –≤ –±—É–¥—É—â–µ–º –ø–æ—è–≤–∏–ª—Å—è –ø–æ–∏—Å–∫ –≤–Ω—É—Ç—Ä–∏ –∫—É—Ä—Å–∞ –ø–æ –∫–ª—é—á–µ–≤—ã–º —Å–ª–æ–≤–∞–º"
62,1,"2025-06-10 06:46:44","5",2,"[""FEAT""]","–æ—Ç–ª–∏—á–Ω–æ–µ –ø—Ä–µ–¥–ª–æ–∂–µ–Ω–∏–µ –≤—Å—ë –∏–¥–µ–∞–ª—å–Ω–æ, –¥–∞–∂–µ –µ—Å—Ç—å –º–µ–º—ã –æ—Ç —Ä–∞–∑—Ä–∞–±–æ–≤ –≤ –∫–æ–º–º–µ–Ω—Ç–∞—Ä–∏—è—Ö –≤ –Ω–µ–∫–æ—Ç–æ—Ä—ã—Ö –∫—É—Ä—Å–∞—Ö."
1621,2,"2025-05-21 00:00:00","5",2,"[""FEAT""]","–û—Ç–ª–∏—á–Ω–æ–µ –ø—Ä–∏–ª–æ–∂–µ–Ω–∏–µ! –û—Ç–ª–∏—á–Ω—ã–π –ø—Ä–æ–µ–∫—Ç!
–ù–µ —Ö–≤–∞—Ç–∞–µ—Ç —Å–±—Ä–æ—Å–∞ –ø—Ä–æ–≥—Ä–µ—Å—Å–∞ –ø–æ –∫—É—Ä—Å—É."
118,1,"2025-04-28 06:47:45","5",-1,"[""FEAT""]","–∂–∞–ª—å —Ñ–æ—Ç–∫–∏ —Å –∫—É—Ä—Å–æ–≤ —Å–∫–∞—á–∞—Ç—å –Ω–µ–ª—å–∑—è"
126,1,"2025-04-23 03:36:34","5",1,"[""UX"", ""FEAT""]","–Ω–∞ —Ç–µ–ª–µ—Ñ–æ–Ω–µ –∫–æ–Ω–µ—á–Ω–æ —ç–∫—Ä–∞–Ω –¥–ª—è –Ω–∞–ø–∏—Å–∞–Ω–∏—è –∫–æ–¥–∞ –º–µ–ª–∫–æ–≤–∞—Ç, –Ω–æ –Ω–∞ –ø–ª–∞–Ω—à–µ—Ç–µ —Å–∞–º–æ —Ç–æ. —á–∏—Ç–∞—Ç—å –∏ —Å–º–æ—Ç—Ä–µ—Ç—å –ª–µ–∫—Ü–∏–∏ –Ω–∞ —Ç–µ–ª–µ—Ñ–æ–Ω–µ –Ω–æ—Ä–º. –∏–Ω—Ç–µ—Ä—Ñ–µ–π—Å –ø—Ä–∏–ª–æ–∂–µ–Ω–∏—è –¥–∞–∂–µ —É–¥–æ–±–Ω–µ–π —á–µ–º –Ω–∞ –∫–æ–º–ø–µ. —É–¥–æ–±–Ω–æ —á—Ç–æ –∑–∞–¥–∞–Ω–∏—è –º–æ–∂–Ω–æ –≤—ã–ø–æ–ª–Ω—è—Ç—å –ø–æ–ø–æ–∑–∂–µ, –ø—Ä–æ—á–∏—Ç–∞–≤ –∏ –ø—Ä–æ—Å–ª—É—à–∞–≤ –≤—Å–µ –ª–µ–∫—Ü–∏–∏"
1015,3,"2025-04-17 03:39:54.363","5",2,"[""EDU"", ""FEAT""]","–£–¥–æ–±–Ω–∞—è –ø–ª–∞—Ç—Ñ–æ—Ä–º–∞ –¥–ª—è —Å–∞–º–æ–æ–±—Ä–∞–∑–æ–≤–∞–Ω–∏—è. –®–∏—Ä–æ–∫–∏–π –≤—ã–±–æ—Ä –∫—É—Ä—Å–æ–≤ –Ω–∞ —Ä–∞–∑–Ω—ã–µ —Ç–µ–º—ã. –°–µ—Ä—Ç–∏—Ñ–∏–∫–∞—Ç –ø–æ –æ–∫–æ–Ω—á–∞–Ω–∏—é. –ü—Ä–∏–ª–∏—á–Ω–∞—è –¥–æ–ª—è —Å –±–µ—Å–ø–ª–∞—Ç–Ω—ã–º –¥–æ—Å—Ç—É–ø–æ–º. –ü—Ä–æ–∑—Ä–∞—á–Ω–∞—è —à–∫–∞–ª–∞ –ø—Ä–æ–≥—Ä–µ—Å—Å–∞, –Ω–µ—Ç –æ–≥—Ä–∞–Ω–∏—á–µ–Ω–∏—è –ø–æ –¥–ª–∏—Ç–µ–ª—å–Ω–æ—Å—Ç–∏ –ø—Ä–æ—Ö–æ–∂–¥–µ–Ω–∏—è, –Ω–µ—Ç –ø—Ä–∏–≤—è–∑–∫–∏ –ø–æ –≤—Ä–µ–º–µ–Ω–∏ –∑–∞–Ω—è—Ç–∏–π. –í –∫–ª–∞—Å—Å–∏—á–µ—Å–∫–æ–º –ø–∞–∫–µ—Ç–µ: –≤–∏–¥–µ–æ, —Ç–µ–∫—Å—Ç–æ–≤—ã–π –º–∞—Ç–µ—Ä–∏–∞–ª, –ø–æ–ª–µ–∑–Ω—ã–µ —Å—Å—ã–ª–∫–∏ –Ω–∞ –¥–æ–ø.–∏–Ω—Ñ–æ—Ä–º–∞—Ü–∏–æ–Ω–Ω—ã–µ —Ä–µ—Å—É—Ä—Å—ã, —Ç–µ–æ—Ä–µ—Ç–∏—á–µ—Å–∫–∏–µ –≤–æ–ø—Ä–æ—Å—ã, –ø—Ä–∞–∫—Ç–∏—á–µ—Å–∫–∏–µ –∑–∞–¥–∞—á–∏ –¥–ª—è –∑–∞–∫—Ä–µ–ø–ª–µ–Ω–∏—è  –º–∞—Ç–µ—Ä–∏–∞–ª–∞, —Ñ–æ—Ä–º–∞ –æ–±—Ä–∞—Ç–Ω–æ–π —Å–≤—è–∑–∏ —Å –∫—É—Ä–∞—Ç–æ—Ä–æ–º –∫—É—Ä—Å–∞ –∏ –¥—Ä—É–≥–∏–º–∏ –∞–±–∏—Ç—É—Ä–∏–µ–Ω—Ç–∞–º–∏. –ï—Å—Ç—å –∑–∞–¥–∞—á–∞ ""–ø–æ–¥—Ç—è–Ω—É—Ç—å –ø—Ä–µ–¥–º–µ—Ç""? –†–µ–∫–æ–º–µ–Ω–¥—É—é –≤ –ø–µ—Ä–≤—É—é –æ—á–µ—Ä–µ–¥—å –∑–∞–≥–ª—è–Ω—É—Ç—å –Ω–∞ Stepik! –í–µ—Ä–æ—è—Ç–Ω–µ–µ –≤—Å–µ–≥–æ –≤–∞–º –Ω–µ –ø–æ—Ç—Ä–µ–±—É—é—Ç—Å—è –¥–æ–ø–æ–ª–Ω–∏—Ç–µ–ª—å–Ω—ã–µ –∏—Å—Ç–æ—á–Ω–∏–∫–∏ –∑–Ω–∞–Ω–∏–π."
193,1,"2025-03-18 07:53:04","5",1,"[""EDU"", ""FEAT""]","–û—á–µ–Ω—å —É–¥–æ–±–Ω–æ –≤ –æ–±—É—á–µ–Ω–∏–∏ –∏ –∏—Å–ø–æ–ª—å–∑–æ–≤–∞–Ω–∏–∏, —Ö–æ—Ç–µ–ª–æ—Å—å –±—ã –µ—â–µ —É–≤–∏–¥–µ—Ç—å –≤–Ω–µ–¥—Ä–µ–Ω–∏–µ Obsidian, –¥–ª—è —É–¥–æ–±–Ω—ã—Ö –∑–∞–º–µ—Ç–æ–∫."
218,1,"2025-02-27 10:07:36","5",1,"[""FEAT""]","–ò–º–±–∞"
237,1,"2025-02-18 16:51:29","5",2,"[""UX"", ""FEAT""]","–û—á–µ–Ω—å –ø–æ–ª–µ–∑–Ω–æ–µ –ø—Ä–∏–ª–æ–∂–µ–Ω–∏–µ , –∞–∫—Ç—É–∞–ª—å–Ω–æ–µ —Å–µ–π—á–∞—Å . –ï—Å—Ç—å –±–æ–ª—å—à–∞—è –≤–µ—Ä–æ—è—Ç–Ω–æ—Å—Ç—å ,—á—Ç–æ –¥–∞–Ω–Ω–æ–µ –ø—Ä–∏–ª–æ–∂–µ–Ω–∏–µ –¥–µ–π—Å—Ç–≤–∏—Ç–µ–ª—å–Ω–æ —Å–º–æ–∂–µ—Ç –ø–æ–º–æ—á—å –≤ –≤—ã–±–æ—Ä–µ –∏ –æ–≤–ª–∞–¥–µ–Ω–∏–∏ —Å–æ–≤—Ä–µ–º–µ–Ω–Ω–æ–π –ø—Ä–æ—Ñ–µ—Å—Å–∏–µ–π. –°–ø–∞—Å–∏–±–æ —Ä–∞–∑—Ä–∞–±–æ—Ç—á–∏–∫–∞–º."
247,1,"2025-02-15 14:52:14","5",0,"[""FEAT""]","–•–æ—Ä–æ—à–æ, –Ω–æ –±—ã–ª–æ –±—ã –ª—É—á—à–µ –µ—Å–ª–∏ –±—ã –≤–∫–ª–∞–¥–∫–∞ —Å –Ω–æ–≤—ã–º–∏ –∫—É—Ä—Å–∞–º–∏ –≤—Ä–µ–º—è –æ—Ç –≤—Ä–µ–º–µ–Ω–∏ –æ–±–Ω–æ–≤–ª—è–ª–∞—Å—å"
258,1,"2025-02-09 23:36:37","5",-2,"[""FEAT""]","–ì–µ–Ω–∏–∏ –∫–∞—á–∞—Ç—å"
281,1,"2025-01-30 14:00:31","5",1,"[""FEAT""]","–ò–º–±–∞"
287,1,"2025-01-28 08:32:18","5",1,"[""FEAT""]","–û—Ç–ª–∏—á–Ω–æ–µ –ø—Ä–∏–ª–æ–∂–µ–Ω–∏–µ –¥–ª—è —Å–∞–º–æ—Ä–∞–∑–≤–∏—Ç–∏—è. –ë—ã–ª–æ –±—ã –∑–∞–º–µ—á–∞—Ç–µ–ª—å–Ω–æ, –µ—Å–ª–∏ –±—ã –º–æ–∂–Ω–æ –±—ã–ª–æ –º–µ–Ω—è—Ç—å –¥–∏–∑–∞–π–Ω —Å–µ—Ä—Ç–∏—Ñ–∏–∫–∞—Ç–æ–≤ –∏–ª–∏ —Å–µ—Ä—Ç–∏—Ñ–∏–∫–∞—Ç—ã –∏–∑–Ω–∞—á–∞–ª—å–Ω–æ –≤—ã–≥–ª—è–¥–µ–ª–∏ –±—ã –ø–æ-—Ä–∞–∑–Ω–æ–º—É)"
332,1,"2025-01-09 04:33:08","5",1,"[""FEAT""]","–°–∫–∞—á–∞–ª —Ä–∞–¥–∏ –∑–∞–¥–∞—á –ø–æ—Ç–æ–º—É —á—Ç–æ –≤ –¥—Ä—É–≥–∏—Ö –ø–ª–∞—Ç—Ñ–æ—Ä–º–∞—Ö –æ—á–µ–Ω—å –ª—ë–≥–∫–∏–µ"
350,1,"2024-12-27 12:41:49","4",-1,"[""FEAT""]","–ú–∏–Ω—É—Å –æ–¥–∏–Ω –±–∞–ª–ª –∑–∞ —Ç–æ, —á—Ç–æ –Ω–µ–ª—å–∑—è –ø—Ä–æ–∏–≥—Ä—ã–≤–∞—Ç—å –≤–∏–¥–µ–æ —É—Ä–æ–∫–∏ —Å –≤—ã–∫–ª—é—á–µ–Ω–Ω—ã–º —ç–∫—Ä–∞–Ω–æ–º"
376,1,"2024-12-10 06:23:49","5",1,"[""UX"", ""EDU"", ""FEAT""]","–£–¥–æ–±–Ω–æ–µ –ø—Ä–∏–ª–æ–∂–µ–Ω–∏–µ —Å –¥—É–±–ª–∏—Ä–æ–≤–∞–Ω–∏–µ–º –∫–æ–Ω—Ç–µ–Ω—Ç–∞ –Ω–∞ —Ç–µ–ª–µ—Ñ–æ–Ω–µ. –° –∫–æ–º–ø–∞ —É—á–∏—Ç—å—Å—è —É–¥–æ–±–Ω–µ–π, –∫–æ–≥–¥–∞ –Ω—É–∂–Ω–æ –ø–∏—Å–∞—Ç—å –∫–æ–¥, –Ω–æ —Å —Ç–µ–ª–µ—Ñ–æ–Ω–∞ —Ç–æ–∂–µ –º–æ–∂–Ω–æ. –ê –µ—â—ë –º–æ–∂–Ω–æ –∑–∞–≥—Ä—É–∑–∏—Ç—å –ª–µ–∫—Ü–∏–∏ –∏ —á–∏—Ç–∞—Ç—å –∏—Ö –≤ –ø–æ–µ–∑–¥–∫–µ. –†–µ–∫–æ–º–µ–Ω–¥—É—é. –ï—Å—å –∫–∞–∫ –±–µ—Å–ø–ª–∞—Ç–Ω—ã–µ, —Ç–∞–∫ –∏ –ø–ª–∞—Ç–Ω—ã–µ –∫—É—Ä—Å—ã. –ù–∞ –∑–≤—ë–∑–¥–æ—á–∫–∏ –º–æ–∂–Ω–æ –æ—Ä–∏–µ–Ω—Ç–∏—Ä–æ–≤–∞—Ç—å—Å—è. –ù–æ—Ä–º–∞–ª—å–Ω—ã–µ –∫—É—Ä—Å—ã –∏–º–µ—é—Ç –º–Ω–æ–≥–æ."
399,1,"2024-11-28 21:48:31","4",0,"[""UX"", ""FEAT""]","–ù–µ–ø–ª–æ—Ö–æ–µ –ø—Ä–∏–ª–æ–∂–µ–Ω–∏–µ, –æ—Å–æ–±–µ–Ω–Ω–æ –∫–æ–≥–¥–∞ —á–∏—Ç–∞–µ—à—å –∫–Ω–∏–≥—É –∏ –≤ —Å–≤–æ–±–æ–¥–Ω–æ–µ –≤—Ä–µ–º—è –ø–æ–≤—Ç–æ—Ä—è–µ—à—å –º–∞—Ç–µ—Ä–∏–∞–ª –≤ —ç—Ç–æ–º –ø—Ä–∏–ª–æ–∂–µ–Ω–∏–µ. –û–¥–Ω–∞–∫–æ –≤ –ø—Ä–∏–ª–æ–∂–µ–Ω–∏–∏ —Ç—Ä–µ–Ω–∞–∂—ë—Ä—ã –ø–æ –ø—Ä–æ–≥—Ä–∞–º–º–∏—Ä–æ–≤–∞–Ω–∏—é —Ä–∞–±–æ—Ç–∞—é—Ç , –Ω–µ –æ—á–µ–Ω—å, –æ—Å–æ–±–µ–Ω–Ω–æ –≤ –ø–ª–∞–Ω–µ —Ç–∞–±—É–ª—è—Ü–∏–∏"
442,1,"2024-11-05 07:31:13","5",1,"[""UX"", ""FEAT""]","Supiiir"
473,1,"2024-10-21 05:41:04","5",1,"[""EDU"", ""FEAT""]","–ò–Ω—Ç–µ—Ä–µ—Å–Ω—ã–µ –∫—É—Ä—Å—ã, –≤–æ–∑–º–æ–∂–Ω–æ—Å—Ç—å –Ω–∞—Å—Ç—Ä–æ–∏—Ç—å —Ä–∞—Å–ø–∏—Å–∞–Ω–∏–µ,—á–∞—Å—Ç–æ –±—ã–≤–∞—é—Ç —Å–∫–∏–¥–∫–∏"
476,1,"2024-10-19 04:51:00","5",0,"[""UX"", ""FEAT""]","–ó–¥—Ä–∞–≤—Å—Ç–≤—É–π—Ç–µ. –ü—Ä–∏–ª–æ–∂–µ–Ω–∏–µ, –∫–∞–∫ –∏ —Å–∞–º —Å–∞–π—Ç –∫–ª–∞—Å—Å–Ω–æ–µ. –ù–æ –µ—Å—Ç—å –ø–æ–∂–µ–ª–∞–Ω–∏–µ –∫–∞–∫ –¥–ª—è –ø—Ä–∏–ª–æ–∂–µ–Ω–∏—è, —Ç–∞–∫ –∏ –¥–ª—è —Å–∞–π—Ç–∞. –í –æ—Ç–ª–æ–∂–µ–Ω–Ω—ã—Ö(–∏–∑–±—Ä–∞–Ω–Ω—ã—Ö) —Å–¥–µ–ª–∞—Ç—å —á—Ç–æ-—Ç–æ —Ç–∏–ø–∞ —Å–æ—Ä—Ç–∏—Ä–æ–≤–∫–∏ –ø–æ –ø–∞–ø–∫–∞–º. –Ø –±—ã —Ö–æ—Ç–µ–ª–∞ –∫—É—Ä—ã –ø–æ –ê–Ω–≥–ª–∏–π—Å–∫–æ–º—É –ø–æ–º–µ—Å—Ç–∏—Ç—å –≤ –æ–¥–Ω—É –ø–∞–ø–∫—É, –§–∏–≥–º—É –≤ –¥—Ä—É–≥—É—é, html css js –≤ —Ç—Ä–µ—Ç—å—é –∏ —Ç –¥."
583,1,"2024-08-26 06:00:04","5",1,"[""UX"", ""FEAT""]","–î–æ–±—Ä—ã–π –¥–µ–Ω—å, –ø—Ä–∏–ª–æ–∂–µ–Ω–∏–µ –ø–æ–ª–µ–∑–Ω–æ–µ –∏ —Ö–æ—Ä–æ—à–µ–µ. –°–ø–∞—Å–∏–±–æ –í–∞–º –∑–∞ –Ω–µ–≥–æ, —Ä–∞–∑—Ä–∞–±–æ—Ç—á–∏–∫–∏. –ü–æ—Ä–∞ –±—ã –¥–æ–±–∞–≤–∏—Ç—å –≤–µ—Ç–∫—É –∫–æ–º–º–µ–Ω—Ç–∞—Ä–∏–µ–≤ –∫–∞–∫ –µ—Å—Ç—å —É–∂–µ –≤–µ–∑–¥–µ, —á–∞—Å—Ç–æ –ø–æ–¥ —É—Ä–æ–∫–∞–º–∏ –≤–æ–ø—Ä–æ—Å—ã —É —É—á–µ–Ω–∏–∫–æ–≤, –∏ –æ—Ç–≤–µ—Ç—ã –Ω–∞ –Ω–∏—Ö –ª–µ—Ç–∞—é—Ç –≤—Ä–∞–∑–±—Ä–æ—Å, —Å —á–µ—Ç–∫–æ–π —Å—Ç—Ä—É–∫—Ç—É—Ä–æ–π –±—É–¥–µ—Ç –ª—É—á—à–µ –∏ –ø—Ä–æ—â–µ. –¢–∞–∫–∂–µ –ø—Ä–æ—Å—å–±–∞ –¥–æ–±–∞–≤–∏—Ç—å –≤–æ–∑–º–æ–∂–Ω–æ—Å—Ç—å –∏–∑–º–µ–Ω—è—Ç—å –≤—Ä–µ–º—è –ø–µ—Ä–µ–º–æ—Ç–∫–∏. –ú–∏–Ω–∏–º–∞–ª—å–Ω–æ –ø–æ—Å—Ç–∞–≤–∏—Ç—å —Ö–æ—Ç—è –±—ã 5, —ç—Ç–æ –∑–Ω–∞—á–∏—Ç–µ–ª—å–Ω–æ —É–ø—Ä–æ—Å—Ç–∏—Ç —Ä–∞–±–æ—Ç—É —Å —É—Ä–æ–∫–æ–º."
621,1,"2024-08-07 09:16:48","5",0,"[""FEAT""]","–°–¥–µ–ª–∞–π—Ç–µ –≤–æ–∑–º–æ–∂–Ω–æ—Å—Ç—å –ø—Ä–æ—Ö–æ–¥–∏—Ç—å —Ç–µ—Å—Ç—ã —Ç–∏–ø–∞ multiple choce –∏ –ø–æ—Ö–æ–∂–∏–µ off line, –∞ —Ç–æ —Ñ—É–Ω–∫—Ü–∏—è —Å–∫–∞—á–∏–≤–∞–Ω–∏—è –∏–º–µ–µ—Ç—Å—è, –∞ —Ç–µ—Å—Ç—ã –ø—Ä–æ—Ö–æ–¥–∏—Ç—å –≤–æ–∑–º–æ–∂–Ω–æ—Å—Ç–∏ –Ω–µ—Ç."
659,1,"2024-07-16 10:42:51","5",2,"[""EDU"", ""FEAT""]","–ø—Ä–µ–∫—Ä–∞—Å–Ω–æ–µ –ø—Ä–∏–ª–æ–∂–µ–Ω–∏–µ –¥–ª—è –æ–±—É—á–µ–Ω–∏—è. —Å–ø–∞—Å–∏–±–æ —Ä–∞–∑—Ä–∞–±–æ—Ç—á–∏–∫–∞–º! –∏–∑ –ø–æ–∂–µ–ª–∞–Ω–∏–π: —Ä–µ–∞–ª–∏–∑—É–π—Ç–µ, –ø–æ–∂–∞–ª—É–π—Å—Ç–∞, –≤–æ–∑–º–æ–∂–Ω–æ—Å—Ç—å –¥–æ–±–∞–≤–ª—è—Ç—å –∑–∞–¥–∞—á–∏ –∏ —Ç–µ–º—ã –≤ –∑–∞–∫–ª–∞–¥–∫–∏ (favourites)."
662,1,"2024-07-14 08:21:11","4",1,"[""FEAT""]","–æ—Ç–ª–∏—á–Ω–æ–µ –ø—Ä–∏–ª–æ–∂–µ–Ω–∏–µ –¥–ª—è —É—á–µ–±—ã,–Ω–æ —Ö–æ—Ç–µ–ª–æ—Å—å –±—ã —á—Ç–æ–±—ã –¥–æ–±–∞–≤–∏–ª–∏ —Ç–∞–∫—É—é —Ñ—É–Ω–∫—Ü–∏—é –∫–∞–∫ –æ–±–Ω—É–ª–∏—Ç—å –ø—Ä–æ—Ü–µ—Å—Å –æ–±—É—á–µ–Ω–∏—è, —á—Ç–æ–±—ã –ø–æ–≤—Ç–æ—Ä–∏—Ç—å –º–∞—Ç–µ—Ä–∏–∞–ª)"
665,1,"2024-07-13 18:53:49","5",1,"[""FEAT""]","–í—Å–µ –∫–ª–∞—Å—Å–Ω–æ. –ù–æ –º–æ–∂–Ω–æ –µ—â–µ –¥–æ–±–∞–≤–∏—Ç—å –ø–æ–∏—Å–∫ –ø–æ –∫—É—Ä—Å—É, –ø–æ –∫–ª—é—á–µ–≤—ã–º —Å–ª–æ–≤–∞–º, –ø—Ä–∏ —Ç–æ–º —á—Ç–æ–±—ã –∏—Å–∫–∞–ª–æ —Å—Ä–µ–¥–∏ –≤—Å–µ–≥–æ ( –∫—Ä–æ–º–µ –ª–∏—á–Ω—ã—Ö –¥–∞–Ω–Ω—ã—Ö ), —Ö–∑."
749,1,"2024-05-13 05:03:42","4",1,"[""FEAT"", ""PRICE""]","–í—Å–µ –Ω—Ä–∞–≤–∏—Ç—Å—è, –æ—á–µ–Ω—å –º–Ω–æ–≥–æ –∏–Ω—Ç–µ—Ä–µ—Å–Ω—ã—Ö –∫—É—Ä—Å–æ–≤ –ø–æ –≤–∫—É—Å–Ω—ã–º —Ü–µ–Ω–∞–º –∏–ª–∏ –≤–æ–æ–±—â–µ –±–µ—Å–ø–ª–∞—Ç–Ω—ã—Ö. –ù–æ –æ—á–µ–Ω—å –æ–≥–æ—Ä—á–∞–µ—Ç –æ—Ç—Å—É—Ç—Å—Ç–≤–∏–µ –≤–æ–∑–º–æ–∂–Ω–æ—Å—Ç–∏ —Å–±—Ä–æ—Å–∏—Ç—å –ø—Ä–æ–≥—Ä–µ—Å—Å –ø—Ä–æ—Ö–æ–∂–¥–µ–Ω–∏—è –∫—É—Ä—Å–∞, –∫–æ–≥–¥–∞ –≤–æ–∑–≤—Ä–∞—â–∞–µ—à—å—Å—è –∫ –Ω–µ–º—É —á–µ—Ä–µ–∑ –º–Ω–æ–≥–æ –≤—Ä–µ–º–µ–Ω–∏, –∑–∞–≤–æ–¥–∏—Ç—å –Ω–æ–≤—ã–π –∞–∫–∫–∞—É–Ω—Ç ‚Äì –º—É—Ç–æ—Ä–Ω–æ. –ù–∞–¥–µ—é—Å—å, –∫–æ–≥–¥–∞-–Ω–∏–±—É–¥—å —ç—Ç–æ—Ç —Ñ—É–Ω–∫—Ü–∏–æ–Ω–∞–ª –≤—Å—ë-—Ç–∞–∫–∏ –¥–æ–±–∞–≤—è—Ç."
752,1,"2024-05-11 06:42:11","5",1,"[""FEAT""]","–ü—Ä–µ–∫—Ä–∞—Å–Ω–æ–µ –ø—Ä–∏–ª–æ–∂–µ–Ω–∏–µ –¥–ª—è –Ω–∞—á–∏–Ω–∞—é—â–∏—Ö –∏ –ø—Ä–æ—Ñ–µ—Å—Å–∏–æ–Ω–∞–ª—å–Ω—ã—Ö –ø—Ä–æ–≥—Ä–∞–º–º–∏—Å—Ç–æ–≤"
772,1,"2024-04-25 19:34:59","5",1,"[""FEAT""]","–ò–º–±–∞"
788,1,"2024-04-18 17:25:50","5",1,"[""UX"", ""FEAT""]","Stepik –ª—É—á—à–∏–π –ø—Ä–∏–ª–æ–∂–µ–Ω–∏—è"
877,1,"2024-03-15 22:42:33","5",1,"[""UX"", ""FEAT""]","100‚ù§Ô∏è"
946,1,"2024-02-23 18:58:20","1",-2,"[""PRICE"", ""FEAT""]","–í—Å–µ –∫—É—Ä—Å—ã –ø–ª–∞—Ç–Ω—ã–µ. –û—á–µ—Ä–µ–¥–Ω–æ–π —Ä–∞–∑–≤–æ–¥–Ω—è–∫ –Ω–∞ –¥–µ–Ω—å–≥–∏. –ü—Ä–∏ —á–µ–º —Ü–µ–Ω—ã —Å–ª–∏—à–∫–æ–º –±–æ–ª—å—à–∏–µ. –ï—Å–ª–∏ —Ö–æ—Ç–∏—Ç–µ –Ω–∞—É—á–∏—Ç—Å—è –ø—Ä–æ–≥—Ä–∞–º–∏—Ä–æ–≤–∞—Ç—å, —É—á–∏—Ç–µ—Å—å —Å–∞–º–∏ –±–µ–∑ –∏–Ω—Ñ–æ—Ü—ã–≥–∞–Ω–µ–π –∫–æ—Ç–æ—Ä—ã–µ —Ç—Ä—è—Å—É—Ç —Å –≤–∞—Å –¥–µ–Ω—å–≥–∏ –∑–∞ –∫—Ä–æ—Ö–æ—Ç–Ω—É—é –¥–æ–ª—é –∑–Ω–∞–Ω–∏–π, –∫–æ—Ç–æ—Ä—ã–µ –º–æ–∂–Ω–æ –Ω–∞–π—Ç–∏ –¥–∞–∂–µ –Ω–∞ youtube."
989,1,"2024-02-03 05:21:34","5",0,"[""FEAT""]","–ü–æ —á–∞—Å—Ç–∏ –∫—É—Ä—Å–æ–≤ –≤—Å—ë –æ–∫. –ï—Å—Ç—å —Ö–æ—Ç–µ–ª–∫–∏: 1. –í–æ–∑–º–æ–∂–Ω–æ—Å—Ç—å —Å–∫—Ä—ã–≤–∞—Ç—å –≤—Å–µ –æ—Ç–≤–µ—Ç—ã –∫ –∫–æ–º–º–µ–Ω—Ç–∞—Ä–∏—è–º, —Ç–µ–º –±–æ–ª–µ–µ –∫ —Ä–µ—à–µ–Ω–∏—è–º, –∏–Ω–∞—á–µ —á—Ç–æ–±—ã –æ—Ç –æ–¥–Ω–æ–≥–æ —Ä–µ—à–µ–Ω–∏—è –¥–æ–π—Ç–∏ –¥–æ –¥—Ä—É–≥–æ–≥–æ, –ø—Ä–∏—Ö–æ–¥–∏—Ç—Å—è –±–µ—Å–∫–æ–Ω–µ—á–Ω–æ –º–æ—Ç–∞—Ç—å –ª–µ–Ω—Ç—É —Å –æ–±—Å—É–∂–¥–µ–Ω–∏—è–º–∏/–æ—Ç–≤–µ—Ç–∞–º–∏ –ø–µ—Ä–≤–æ–≥–æ —Ä–µ—à–µ–Ω–∏—è; 2. –ë—ã–ª–æ –±—ã —É–¥–æ–±–Ω–æ –µ—Å–ª–∏ —Å—Ç—Ä–æ–∫–∞ (–ø–∞–Ω–µ–ª—å) —Å –æ–ø–µ—Ä–∞—Ç–æ—Ä–∞–º–∏ –∑–∞–ø–æ–º–∏–Ω–∞–ª–∞ –ø–æ—Å–ª–µ–¥–Ω–∏–µ –Ω–∞–∂–∞—Ç—ã–µ, –∫ –ø—Ä–∏–º–µ—Ä—É –ø—Ä–∏ —á–∞—Å—Ç–æ–º –∏—Å–ø–æ–ª—å–∑–æ–≤–∞–Ω–∏–∏ –æ–ø–µ—Ä–∞—Ç–æ—Ä–∞ –ø—Ä–∏—Å–≤–æ–µ–Ω–∏—è ""="", –æ–Ω –≤—Å—Ç–∞–≤–∞–ª –ø–µ—Ä–≤—ã–º –Ω–∞ –ø–∞–Ω–µ–ª–∏."
1764,2,"2023-05-29 00:00:00","1",-1,"[""UX"", ""FEAT""]","–ú–Ω–µ –Ω–∞–¥–æ –±—ã–ª–æ –ø—Ä–æ–π—Ç–∏ –∫—É—Ä—Å –¥–æ –ª–∞–≥–µ—Ä—è, –Ω—É–∂–µ–Ω –±—ã–ª –∫—É—Ä—Å –ø—Ä–æ–≥—Ä–∞–º–º–∏—Ä–æ–≤–∞–Ω–∏—è, –∑–∞—Ö–æ–∂—É –Ω–∞ –ø–µ—Ä–≤—ã–π —É—Ä–æ–∫, –≤—Ä–æ–¥–µ –≤—Å–µ –Ω–æ—Ä–º–∞–ª—å–Ω–æ, –ø–æ–∫–∞ –ø—Ä–æ—Å—Ç–æ —Ä–∞—Å—Å–∫–∞–∑—ã–≤–∞—é—Ç –≤—Å–µ –ø—Ä–æ –ø—Ä–æ–≥—Ä–∞–º–º–∏—Ä–æ–≤–∞–Ω–∏–µ, –¥–∞–ª—å—à–µ –≤—Ç–æ—Ä–æ–π —É—Ä–æ–∫, –Ω—É–∂–Ω–æ —Å–∫–∞—á–∞—Ç—å –º–∏–ª–ª–∏–æ–Ω –ø—Ä–∏–ª–æ–∂–µ–Ω–∏–π, —Ä–∞—Å—Å–∫–∞–∑—ã–≤–∞–µ—Ç—Å—è —Ç–æ–ª—å–∫–æ —Ç–æ–ª—å–∫–æ –∫–∞–∫ —É—Å—Ç–∞–Ω–æ–≤–∏—Ç—å, —Å–∞–º–æ–µ –≤–∞–∂–Ω–æ–µ —É–ø—É—Å–∫–∞–µ—Ç—Å—è, –≤ –∏—Ç–æ–≥–µ —Å–∫–∞—á–∞–ª–∞ —Ç–æ–ª—å–∫–æ –æ–¥–Ω–æ –ø—Ä–∏–ª–æ–∂–µ–Ω–∏–µ, –≤—Ç–æ—Ä–æ–µ (–∏ –Ω–µ –ø–æ—Å–ª–µ–¥–Ω–µ–µ) —Å–∫–∞—á–∞—Ç—å —Ç–æ–∂–µ –ø–æ–ª—É—á–∏–ª–æ—Å—å, –ù–û –¥–∞–ª—å—à–µ –∏–¥–µ—Ç –æ–±—ä—è—Å–Ω–µ–Ω–∏–µ, –≤ –∫–æ—Ç–æ—Ä–æ–º –∫–∞–∫–∏–º —Ç–æ –Ω–µ–ø–æ–Ω—è—Ç–Ω—ã–º –æ–±—Ä–∞–∑–æ–º —á—Ç–æ —Ç–æ –ø–æ–ª—É—á–∞–ª–æ—Å—å (—Ç.–µ. —Å–Ω–∞—á–∞–ª–∞ —à–ª–æ –æ–±—ä—è—Å–Ω–µ–Ω–∏–µ –∫ —á–µ–º—É —Ç–æ –æ–¥–Ω–æ–º—É, –∞ —Å–ª–µ–¥—É—é—â–∏–º —à–ª–æ –≤–æ–æ–±—â–µ –¥—Ä—É–≥–æ–µ, –ª–∞–¥–Ω–æ –±—ã —Ç–∞–º –±—ã–ª–æ –Ω–∞–ø–∏—Å–∞–Ω–æ –∫–∞–∫ —á—Ç–æ –¥–µ–ª–∞—Ç—å, –Ω–æ –Ω–µ—Ç, –Ω–∏—á–µ–≥–æ –Ω–µ –ø–æ–Ω—è—Ç–Ω–æ)"
1457,3,"2023-04-11 11:39:18.904","5",1,"[""EDU"", ""FEAT""]","–ü—Ä–æ–±—ã–≤–∞–ª –º–Ω–æ–≥–æ —Ä–∞–∑–ª–∏—á–Ω—ã—Ö –æ–±—Ä–∞–∑–æ–≤–∞—Ç–µ–ª—å–Ω—ã—Ö —Å–µ—Ä–≤–∏—Å–æ–≤. 

–ó–¥–µ—Å—å —Ö–æ—Ç–µ–ª–æ –±—ã –æ—Ç–º–µ—Ç–∏—Ç—å —Å–ª–µ–¥—É—é—â–µ–µ:
- –µ—Å—Ç—å –º–æ–±–∏–ª—å–Ω–æ–µ –ø—Ä–∏–ª–æ–∂–µ–Ω–∏–µ, –º–æ–∂–Ω–æ –∑–∞–Ω–∏–º–∞—Ç—å—Å—è –≤ –¥–æ—Ä–æ–≥–µ;
- –µ—Å—Ç—å –±–µ—Å–ø–ª–∞—Ç–Ω—ã–µ –º–∞—Ç–µ—Ä–∏–∞–ª—ã –Ω–µ–ø–ª–æ—Ö–∏–µ
- —Å—Ç–æ–∏–º–æ—Å—Ç—å –∫—É—Ä—Å–æ–≤ –¥–æ—Å—Ç–∞—Ç–æ—á–Ω–æ –Ω–∏–∑–∫–∞—è –∏ —É–¥–æ–±–Ω–æ —É—á–∏—Ç—å—Å—è —Å–∞–º–æ–º—É –≤ –º–µ—Å—Ç–µ –≥–¥–µ —Å–æ–±—Ä–∞–Ω–∞ –≤—Å—è –∏–Ω—Ñ–æ—Ä–º–∞—Ü–∏—è
- –µ—Å—Ç—å —Ä–∞–∑–ª–∏—á–Ω—ã–µ –Ω–∞–ø–æ–º–∏–Ω–∞–ª–∫–∏ –∏ —ç–ª–µ–º–µ–Ω—Ç—ã –≥–µ–π–º–∏—Ñ–∏–∫–∞—Ü–∏–∏

–ò–∑ –º–∏–Ω—É—Å–æ–≤:
- –¥–æ—Å—Ç–∞—Ç–æ—á–Ω–æ –∫–æ—Ä—è–≤—ã–π –∫–æ–¥–æ–≤—ã–π —Ä–µ–¥–∞–∫—Ç–æ—Ä –±–µ–∑ –∞–≤—Ç–æ–∫–æ–º–ø–ª–∏—Ç–∞
- –±–æ–ª—å—à–µ –≥–µ–π–º–∏—Ñ–∏–∫–∞—Ü–∏–∏ - –ª—É—á—à–µ"
1805,2,"2022-10-17 00:00:00","3",-1,"[""PERF"", ""FEAT""]","–°–∞–º–∏ –∫—É—Ä—Å—ã –∏ –ø–ª–∞—Ç—Ñ–æ—Ä–º–∞ –æ—Ç–ª–∏—á–Ω–∞—è, –Ω–æ —Ä–µ–¥–∞–∫—Ç–æ—Ä –∫–æ–¥–∞ –≤ –ø—Ä–æ–≥—Ä–∞–º–º–µ —Å–∏–ª—å–Ω–æ –ª–∞–≥–∞–µ—Ç –Ω–∞ 20 –∏ –≤—ã—à–µ —Å—Ç—Ä–æ–∫–∞—Ö, –ø–∏—Å–∞—Ç—å –∫–æ–¥ –Ω–µ–≤–æ–∑–º–æ–∂–Ω–æ. –ù–∞ —Å–∞–π—Ç–µ —Ç–∞–∫–æ–π –ø—Ä–æ–±–ª–µ–º—ã –Ω–µ—Ç! –•–æ—á—É —á—Ç–æ–±—ã –≤ –æ–±–Ω–æ–≤–ª–µ–Ω–∏–∏ —ç—Ç–æ –∏—Å–ø—Ä–∞–≤–∏–ª–∏"
1131,3,"2022-07-17 07:30:25.125","5",1,"[""EDU"", ""FEAT""]","–û—á–µ–Ω—å –∫–ª–∞—Å—Å–Ω–∞—è –ø–ª–∞—Ç—Ñ–æ—Ä–º–∞ –¥–ª—è –æ–±—É—á–µ–Ω–∏—è, –º–Ω–æ–≥–æ —Ö–æ—Ä–æ—à–∏—Ö –∫—É—Ä—Å–æ–≤. –ë—ã–ª–æ –±—ã –µ—â–µ –∫—Ä—É—á–µ –µ—Å–ª–∏ –± –º–æ–∂–Ω–æ –±—ã–ª–æ –¥–æ–±–∞–≤–ª—è—Ç—å –¥—Ä—É–∑–µ–π –∏ —Å–æ—Ä–µ–≤–Ω–æ–≤–∞—Ç—å—Å—è –≤ –∑–Ω–∞–Ω–∏—è—Ö, —Å–ª—É–∂–∏–ª–æ –±—ã –∫–∞–∫ –¥–æ–ø–æ–ª–Ω–∏—Ç–µ–ª—å–Ω—ã–π –º–æ—Ç–∏–≤–∞—Ç–æ—Ä."
1222,3,"2021-09-11 08:17:39.424","5",2,"[""UX"", ""FEAT""]","–ë–µ—Å–ø–ª–∞—Ç–Ω–æ, —Å –º–æ—Ç–∏–≤–∞—Ç–æ—Ä–∞–º–∏, —Ñ–æ—Ä—É–º–æ–º –ø–æ–¥–¥–µ—Ä–∂–∫–∏ —Å—Ç—Ä–∞–∂–¥—É—é—â–∏—Ö, –∞ —Ç–∞–∫–∂–µ —Ñ–æ—Ä—É–º–æ–º –ø—Ä–æ—à–µ–¥—à–∏—Ö –ø—É—Ç—å)). –ú–æ–∂–Ω–æ –≤–µ—Ä–Ω—É—Ç—å—Å—è –ø–æ–≤—Ç–æ—Ä–∏—Ç—å, –≤—Å–ø–æ–º–Ω–∏—Ç—å –∏ —Ç–¥. –ï—Å—Ç—å –ø—Ä–∏–ª–æ–∂–µ–Ω–∏–µ, –Ω–∞ –∫–æ—Ç–æ—Ä–æ–º –º–æ–∂–Ω–æ –ø–æ–ª–Ω–æ—Ü–µ–Ω–Ω–æ —É—á–∏—Ç—å—Å—è –∏ –æ–±—â–∞—Ç—å—Å—è. –í –æ–±—â–µ–º –æ—á–µ–Ω—å —Ä–µ–∫–æ–º–µ–Ω–¥—É—é, –Ω–∞—á–∏–Ω–∞—é—â–∏–º –∏ –Ω–µ –æ—á–µ–Ω—å !"
1509,3,"2020-12-12 11:00:41.216","5",1,"[""UX"", ""PERF"", ""FEAT""]","–û—Ç–ª–∏—á–Ω—ã–π –∫–æ–Ω—Ç–µ–Ω—Ç, –≤–æ–∑–º–æ–∂–Ω–æ—Å—Ç—å —Å–∞–º–æ—Ä–∞–∑–≤–∏–≤–∞—Ç—Å—è –≤ —É–¥–æ–±–Ω–æ–µ –≤—Ä–µ–º—è. –ò–Ω–æ–≥–¥–∞ –ª–∞–≥–∞–µ—Ç –∏—Ö –≤–∏–¥–µ–æ–ø–ª–µ–µ—Ä. –•–æ—Ç–µ–ª–æ—Å—å –±—ã –∏–º–µ—Ç—å –≤–æ–∑–º–æ–∂–Ω–æ—Å—Ç—å —Å–º–æ—Ç—Ä–µ—Ç—å –ø–ª–∞—Ç–Ω—ã–µ –≤–∏–¥–µ–æ –æ—Ñ—Ñ–ª–∞–π–Ω"
1402,3,"2020-11-01 19:47:29.938","3",0,"[""FEAT""]","–°–∞–π—Ç –Ω–µ –ø–ª–æ—Ö, –Ω–æ —Ñ—É–Ω–∫—Ü–∏–æ–Ω–∞–ª –∫–æ–Ω–µ—á–Ω–æ –∏ –≤—ã–±–æ—Ä —Ç–µ–º –º–æ–≥ –±—ã—Ç—å –±—ã –ø–æ–ª—É—á—à–µ –∏ —à–∏—Ä–µ."
